"Time_Iter","Outer_Iter","Inner_Iter",     "rms[P]"     ,     "rms[U]"     ,     "rms[V]"     ,     "rms[h]"     
          0,           0,           0,      -21.68089307,      -21.68089307,               -32,      -3.206154443
          0,           0,           1,      -5.287313655,      -4.882989659,      -5.215323608,      -3.243640634
          0,           0,           2,      -5.108124698,      -5.011814894,      -5.489401843,      -3.300962045
          0,           0,           3,      -5.158643616,      -5.203620988,      -5.524899591,      -3.390076665
          0,           0,           4,      -5.278222568,      -5.429645713,      -5.336002463,       -3.52615975
          0,           0,           5,      -5.478603973,      -5.796591424,      -5.650409331,      -3.720595277
          0,           0,           6,      -5.651171716,      -5.889881057,      -5.593208741,      -3.979789372
          0,           0,           7,      -5.837808983,      -5.958115645,      -5.662862249,      -4.271821099
          0,           0,           8,      -6.118316351,       -6.25047706,      -5.975257921,       -4.46844363
          0,           0,           9,      -6.322123362,      -6.359599861,      -6.137234626,      -4.567237889
          0,           0,          10,      -6.501153154,      -6.533401788,       -6.25822183,      -4.677511159
          0,           0,          11,      -6.677217508,      -6.681673717,      -6.402603773,       -4.83088292
          0,           0,          12,      -6.836581707,      -6.823279232,      -6.553768735,      -5.040743058
          0,           0,          13,      -6.949258058,      -6.923928587,      -6.667102499,      -5.322157838
          0,           0,          14,      -7.018262727,      -6.976951974,       -6.72057377,      -5.670278298
          0,           0,          15,      -7.039411303,      -6.980911161,      -6.724078807,      -6.021977139
          0,           0,          16,      -7.035841275,      -6.972249429,      -6.710064599,      -6.253302107
          0,           0,          17,      -7.051492887,      -6.988911687,      -6.718880931,      -6.357238077
          0,           0,          18,      -7.095454727,      -7.031710976,      -6.757342683,      -6.418775454
          0,           0,          19,      -7.159150286,      -7.090222372,      -6.816147085,      -6.473343581
          0,           0,          20,      -7.233801896,      -7.157850324,      -6.886073499,      -6.528884259
          0,           0,          21,      -7.311875543,      -7.230976565,      -6.959286607,      -6.587148551
          0,           0,          22,      -7.388821099,      -7.306963715,      -7.031939779,      -6.648333096
          0,           0,          23,      -7.465175137,      -7.384929002,      -7.105640752,      -6.712001323
          0,           0,          24,        -7.5449627,      -7.465347515,      -7.184445727,      -6.777472049
          0,           0,          25,       -7.63195037,      -7.549324025,      -7.271546504,      -6.844083039
          0,           0,          26,      -7.729258345,      -7.637800008,      -7.369186619,      -6.911345089
          0,           0,          27,       -7.83856496,      -7.730126061,      -7.478368534,      -6.978902577
          0,           0,          28,      -7.958396259,      -7.823222012,      -7.597886623,      -7.046416382
          0,           0,          29,      -8.084676687,      -7.913051361,      -7.725000237,      -7.113870699
          0,           0,          30,      -8.209082929,       -7.99625277,      -7.853774013,      -7.181169029
          0,           0,          31,      -8.318084454,      -8.071511012,      -7.972504778,      -7.248189075
          0,           0,          32,      -8.396446509,      -8.138392878,      -8.063532472,       -7.31493823
          0,           0,          33,      -8.437679244,      -8.196549662,      -8.112898918,      -7.381333951
          0,           0,          34,      -8.452865144,       -8.24640237,      -8.128447526,      -7.447276094
          0,           0,          35,      -8.457608589,      -8.289096992,      -8.129487377,      -7.512692764
          0,           0,          36,       -8.46246451,      -8.326978869,      -8.130036732,      -7.577545398
          0,           0,          37,      -8.473913398,      -8.363607764,       -8.13777541,      -7.641838075
          0,           0,          38,      -8.494101107,      -8.401858546,       -8.15483996,      -7.705632856
          0,           0,          39,      -8.522999251,      -8.443719609,       -8.18108914,      -7.769034607
          0,           0,          40,      -8.560968437,      -8.491003509,      -8.216779209,      -7.832172922
          0,           0,          41,      -8.607952298,      -8.544715387,      -8.261754334,      -7.895201742
          0,           0,          42,      -8.663271341,      -8.605092971,      -8.315575405,      -7.958282449
          0,           0,          43,      -8.726661337,      -8.672146941,      -8.378336546,      -8.021553747
          0,           0,          44,      -8.797688413,      -8.745632303,      -8.450054097,      -8.085129193
          0,           0,          45,       -8.87500521,      -8.824541917,      -8.530282534,      -8.149098018
          0,           0,          46,      -8.956566779,      -8.906824688,      -8.618128457,      -8.213509817
          0,           0,          47,      -9.039375765,      -8.990214833,      -8.712051691,      -8.278362289
          0,           0,          48,      -9.119325761,      -9.072133058,      -8.809650522,      -8.343616617
          0,           0,          49,      -9.191592026,      -9.149364571,      -8.906617514,      -8.409210105
          0,           0,          50,      -9.252756806,      -9.220381052,      -8.997642628,      -8.475021871
          0,           0,          51,      -9.302250902,      -9.284864233,      -9.078041899,      -8.540931671
          0,           0,          52,      -9.340673823,      -9.342655849,      -9.143056268,      -8.606813956
          0,           0,          53,      -9.370687094,      -9.394940684,      -9.192183397,      -8.672514021
          0,           0,          54,      -9.395814298,      -9.442212919,      -9.229169444,      -8.737912886
          0,           0,          55,       -9.41763754,       -9.48450067,      -9.257308098,      -8.802938422
          0,           0,          56,      -9.438280903,      -9.523476954,      -9.282224483,      -8.867529139
          0,           0,          57,      -9.459951541,      -9.561580363,      -9.309246612,      -8.931674771
          0,           0,          58,      -9.483245892,      -9.600860386,      -9.340507684,      -8.995438911
          0,           0,          59,      -9.508652109,      -9.642658997,      -9.377830488,      -9.058916572
          0,           0,          60,      -9.536279082,      -9.688621242,       -9.42265814,      -9.122220419
          0,           0,          61,      -9.565480176,      -9.739556499,      -9.475195306,      -9.185488854
          0,           0,          62,      -9.595273993,       -9.79372397,      -9.534533845,      -9.248891006
          0,           0,          63,      -9.624658132,       -9.84952797,      -9.599614071,      -9.312530333
          0,           0,          64,      -9.653090127,      -9.905677894,      -9.670045374,      -9.376489706
          0,           0,          65,      -9.679898173,      -9.959495324,      -9.743872718,      -9.440867605
          0,           0,          66,      -9.704842099,      -10.00937349,       -9.81862014,      -9.505634205
          0,           0,          67,      -9.728373874,      -10.05483222,      -9.893470833,      -9.570733405
          0,           0,          68,      -9.750481609,      -10.09520612,      -9.964989774,      -9.636134266
          0,           0,          69,      -9.771459495,      -10.13107235,      -10.03015666,      -9.701649045
          0,           0,          70,      -9.791787758,      -10.16363396,      -10.08925927,       -9.76710132
          0,           0,          71,      -9.811538494,      -10.19286852,      -10.14024099,      -9.832370723
          0,           0,          72,      -9.831010198,      -10.21948406,      -10.18438203,      -9.897240995
          0,           0,          73,      -9.850338036,      -10.24497676,      -10.22585361,      -9.961599168
          0,           0,          74,       -9.86964369,      -10.26978169,      -10.26648484,      -10.02530317
          0,           0,          75,      -9.889025712,      -10.29421922,      -10.30777173,      -10.08832146
          0,           0,          76,      -9.908382817,      -10.31824566,      -10.35019066,      -10.15073687
          0,           0,          77,      -9.927866728,         -10.34213,      -10.39541879,      -10.21235455
          0,           0,          78,      -9.947360017,      -10.36619578,       -10.4433109,      -10.27344551
          0,           0,          79,      -9.966808465,      -10.38937452,       -10.4912816,       -10.3340342
          0,           0,          80,      -9.986349935,      -10.41216446,      -10.54132045,      -10.39386921
          0,           0,          81,       -10.0058185,      -10.43478167,      -10.59298992,      -10.45342413
          0,           0,          82,      -10.02530238,      -10.45647432,      -10.64333618,      -10.51215129
          0,           0,          83,      -10.04480459,      -10.47825154,      -10.69472064,      -10.57006385
          0,           0,          84,      -10.06426486,      -10.49948515,      -10.74498279,      -10.62732815
          0,           0,          85,      -10.08379995,       -10.5200451,      -10.79155065,      -10.68281337
          0,           0,          86,      -10.10328558,      -10.54088985,      -10.83762363,      -10.73731805
          0,           0,          87,      -10.12282985,      -10.56111627,      -10.88162819,      -10.78977656
          0,           0,          88,      -10.14243774,      -10.58133774,      -10.92304357,      -10.83981948
          0,           0,          89,      -10.16200961,      -10.60155961,      -10.96379522,      -10.88854562
          0,           0,          90,      -10.18171358,      -10.62138731,      -11.00346217,      -10.93360306
          0,           0,          91,      -10.20140795,      -10.64176298,      -11.04359164,      -10.97701064
          0,           0,          92,      -10.22114576,       -10.6617113,      -11.08195505,      -11.01805364
          0,           0,          93,      -10.24099056,       -10.6816152,      -11.11795342,      -11.05544554
          0,           0,          94,       -10.2607894,      -10.70190075,      -11.15506889,      -11.09246167
          0,           0,          95,      -10.28071213,      -10.72166892,      -11.18991497,      -11.12558469
          0,           0,          96,      -10.30065212,      -10.74185118,      -11.22307489,      -11.15741744
          0,           0,          97,      -10.32060726,      -10.76189652,      -11.25716726,      -11.18850375
          0,           0,          98,      -10.34069218,      -10.78174491,      -11.28839387,      -11.21560212
          0,           0,          99,      -10.36072616,      -10.80210404,      -11.31960398,      -11.24409249
          0,           0,         100,      -10.38087354,      -10.82202273,      -11.35135764,      -11.26965184
          0,           0,         101,      -10.40106848,      -10.84220251,      -11.37940286,      -11.29394075
          0,           0,         102,      -10.42124029,      -10.86246354,      -11.40798671,      -11.31957426
          0,           0,         103,      -10.44156127,      -10.88244948,      -11.43683392,      -11.34126691
          0,           0,         104,      -10.46184074,      -10.90294114,      -11.46385362,      -11.36507882
          0,           0,         105,      -10.48219713,      -10.92306674,      -11.49173099,      -11.38745659
          0,           0,         106,      -10.50263849,      -10.94334575,      -11.51808078,      -11.40807189
          0,           0,         107,      -10.52302943,      -10.96389402,      -11.54463941,      -11.43145223
          0,           0,         108,      -10.54356732,      -10.98405879,      -11.57189359,      -11.45116831
          0,           0,         109,      -10.56408347,      -11.00467943,      -11.59616323,      -11.47279344
          0,           0,         110,      -10.58463479,      -11.02507998,      -11.62134265,      -11.49445621
          0,           0,         111,          -10.6053,      -11.04549241,      -11.64648018,      -11.51353294
          0,           0,         112,      -10.62589904,      -11.06625758,      -11.66979216,       -11.5361132
          0,           0,         113,      -10.64662811,      -11.08660654,      -11.69445336,       -11.5555669
          0,           0,         114,      -10.66736515,      -11.10736278,      -11.71762489,      -11.57603027
          0,           0,         115,      -10.68809616,      -11.12803471,      -11.74055004,      -11.59790358
          0,           0,         116,      -10.70896214,       -11.1485782,      -11.76472903,      -11.61647583
          0,           0,         117,      -10.72975998,      -11.16954819,      -11.78696618,      -11.63863688
          0,           0,         118,      -10.75065703,      -11.19010476,      -11.80962726,      -11.65855451
          0,           0,         119,      -10.77159657,      -11.21098692,       -11.8325934,      -11.67831846
          0,           0,         120,      -10.79249559,       -11.2319232,       -11.8547507,      -11.70061813
          0,           0,         121,      -10.81353596,      -11.25258498,      -11.87763895,      -11.71923111
          0,           0,         122,      -10.83451939,      -11.27372839,      -11.89964172,      -11.74103457
          0,           0,         123,      -10.85556519,      -11.29451947,      -11.92183339,      -11.76172349
          0,           0,         124,      -10.87668572,      -11.31549836,      -11.94458614,      -11.78103254
          0,           0,         125,      -10.89774032,      -11.33666757,      -11.96635824,      -11.80368928
          0,           0,         126,      -10.91893002,      -11.35746121,      -11.98846404,      -11.82269673
          0,           0,         127,       -10.9400842,      -11.37874558,      -12.01053501,      -11.84406426
          0,           0,         128,      -10.96126094,      -11.39976756,      -12.03239476,      -11.86558038
          0,           0,         129,      -10.98253926,      -11.42081271,      -12.05449008,      -11.88463013
          0,           0,         130,      -11.00373754,      -11.44218658,      -12.07617813,      -11.90743463
          0,           0,         131,      -11.02505328,      -11.46312912,      -12.09803201,      -11.92705369
          0,           0,         132,      -11.04636244,      -11.48450693,      -12.11993063,      -11.94792408
          0,           0,         133,      -11.06765556,      -11.50575363,      -12.14174695,      -11.97018206
          0,           0,         134,      -11.08906893,      -11.52685947,      -12.16349194,      -11.98917552
          0,           0,         135,      -11.11040027,      -11.54839964,      -12.18511305,      -12.01190383
          0,           0,         136,      -11.13182172,      -11.56950733,       -12.2070726,      -12.03227536
          0,           0,         137,      -11.15326923,      -11.59093776,      -12.22873157,      -12.05264577
          0,           0,         138,      -11.17466659,      -11.61239128,      -12.25042084,      -12.07548697
          0,           0,         139,      -11.19619287,      -11.63356691,      -12.27225547,      -12.09464524
          0,           0,         140,       -11.2176471,      -11.65522889,      -12.29382849,      -12.11709094
          0,           0,         141,      -11.23915685,      -11.67650726,      -12.31579704,      -12.13827492
          0,           0,         142,      -11.26072547,      -11.69796549,      -12.33739547,       -12.1582158
          0,           0,         143,      -11.28221788,      -11.71960391,       -12.3590101,      -12.18142779
          0,           0,         144,      -11.30383618,      -11.74086101,      -12.38102369,      -12.20095613
          0,           0,         145,       -11.3254034,      -11.76259755,      -12.40249436,       -12.2229635
          0,           0,         146,       -11.3469873,      -11.78404972,      -12.42437788,      -12.24493979
          0,           0,         147,      -11.36865919,      -11.80552538,      -12.44613934,       -12.2645804
          0,           0,         148,      -11.39023979,      -11.82731517,      -12.46766417,      -12.28792742
          0,           0,         149,      -11.41193133,      -11.84866668,      -12.48976224,      -12.30800178
          0,           0,         150,      -11.43360111,      -11.87044029,      -12.51126921,      -12.32947886
          0,           0,         151,      -11.45524884,      -11.89206285,      -12.53303427,      -12.35215637
          0,           0,         152,      -11.47700606,      -11.91355454,      -12.55501205,      -12.37167205
          0,           0,         153,      -11.49866941,      -11.93545763,      -12.57649678,      -12.39491939
          0,           0,         154,      -11.52041816,      -11.95691654,      -12.59854413,       -12.4156686
          0,           0,         155,      -11.54217909,      -11.97869909,      -12.62021248,      -12.43659815
          0,           0,         156,       -11.5638837,      -12.00048112,      -12.64190552,      -12.45982249
          0,           0,         157,      -11.58570885,      -12.02199355,      -12.66400159,      -12.47941357
          0,           0,         158,      -11.60745015,      -12.04397079,      -12.68551276,       -12.5023544
          0,           0,         159,       -11.6292433,      -12.06555078,      -12.70749179,      -12.52384586
          0,           0,         160,      -11.65108306,       -12.0873226,      -12.72934989,      -12.54428201
          0,           0,         161,      -11.67284042,      -12.10924366,      -12.75099451,      -12.56785253
          0,           0,         162,      -11.69471737,      -12.13078868,       -12.7731141,      -12.58772329
          0,           0,         163,      -11.71653152,      -12.15280412,      -12.79472847,      -12.61019692
          0,           0,         164,      -11.73835989,      -12.17451386,      -12.81665471,      -12.63242801
          0,           0,         165,      -11.76026547,      -12.19626372,       -12.8386441,      -12.65248972
          0,           0,         166,      -11.78207334,       -12.2182976,      -12.86028053,      -12.67617986
          0,           0,         167,      -11.80398799,      -12.23989263,      -12.88239634,      -12.69651427
          0,           0,         168,      -11.82586933,      -12.26191366,      -12.90413505,      -12.71842327
          0,           0,         169,      -11.84772699,      -12.28375543,      -12.92602414,      -12.74131943
          0,           0,         170,      -11.86968517,      -12.30548173,      -12.94808948,      -12.76117656
          0,           0,         171,       -11.8915425,      -12.32759776,       -12.9697482,      -12.78475836
          0,           0,         172,      -11.91348317,      -12.34926259,      -12.99186886,      -12.80569837
          0,           0,         173,      -11.93542483,      -12.37126226,      -13.01371461,      -12.82701612
          0,           0,         174,      -11.95730884,      -12.39322994,      -13.03556397,      -12.85043945
          0,           0,         175,      -11.97930663,      -12.41494131,      -13.05769308,       -12.8702931
          0,           0,         176,      -12.00121266,      -12.43710637,      -13.07939544,         -12.89356
          0,           0,         177,      -12.02317051,      -12.45885868,      -13.10151008,      -12.91518864
          0,           0,         178,      -12.04516448,      -12.48081832,      -13.12344627,      -12.93596124
          0,           0,         179,      -12.06707424,      -12.50289826,      -13.14525936,      -12.95972462
          0,           0,         180,      -12.08909948,      -12.52461106,      -13.16745327,      -12.97978346
          0,           0,         181,      -12.11105306,      -12.54679165,      -13.18920555,      -13.00257169
          0,           0,         182,      -12.13302217,      -12.56864458,      -13.21128794,       -13.0249032
          0,           0,         183,      -12.15505944,       -12.5905557,      -13.23332084,       -13.0452432
          0,           0,         184,      -12.17699608,      -12.61272701,      -13.25510555,      -13.06913005
          0,           0,         185,      -12.19903798,      -12.63446212,       -13.2773457,      -13.08958628
          0,           0,         186,      -12.22103716,      -12.65662772,      -13.29916014,      -13.11179163
          0,           0,         187,       -12.2430145,      -12.67858811,      -13.32118669,      -13.13476919
          0,           0,         188,      -12.26508528,      -12.70045249,      -13.34332419,      -13.15484232
          0,           0,         189,      -12.28705087,      -12.72268831,      -13.36509474,      -13.17862918
          0,           0,         190,      -12.30910059,       -12.7444679,      -13.38734214,      -13.19963666
          0,           0,         191,      -12.33114191,      -12.76659416,      -13.40924118,      -13.22122427
          0,           0,         192,      -12.35312706,      -12.78866101,      -13.43120429,      -13.24472577
          0,           0,         193,      -12.37522131,      -12.81048907,      -13.45343291,      -13.26473173
          0,           0,         194,       -12.3972181,      -12.83275918,      -13.47521066,      -13.28821203
          0,           0,         195,      -12.41926908,      -12.85460432,      -13.49742831,      -13.30986875
          0,           0,         196,      -12.44134752,      -12.87667483,       -13.5194316,      -13.33087563
          0,           0,         197,      -12.46334229,      -12.89883858,      -13.54133562,      -13.35472661
          0,           0,         198,      -12.48545027,      -12.92064793,      -13.56362257,      -13.37487686
          0,           0,         199,      -12.50747974,      -12.94292171,      -13.58543622,      -13.39788222
          0,           0,         200,      -12.52952809,      -12.96484903,      -13.60760057,       -13.4202191
          0,           0,         201,      -12.55163715,       -12.9868566,       -13.6297099,      -13.44074937
          0,           0,         202,      -12.57364481,      -13.00909979,      -13.65156911,      -13.46474136
          0,           0,         203,      -12.59575776,      -13.03091274,      -13.67387838,       -13.4852353
          0,           0,         204,      -12.61782034,      -13.05316206,       -13.6957557,      -13.50765354
          0,           0,         205,      -12.63986475,      -13.07518204,      -13.71785557,       -13.5306299
          0,           0,         206,      -12.66199683,      -13.09712873,      -13.74005612,      -13.55084333
          0,           0,         207,      -12.68402141,      -13.11942772,      -13.76189207,      -13.57475614
          0,           0,         208,      -12.70613213,      -13.14126857,      -13.78419439,      -13.59575871
          0,           0,         209,      -12.72822656,      -13.16347029,      -13.80615316,      -13.61754504
          0,           0,         210,      -12.75026811,      -13.18558525,      -13.82818484,      -13.64105287
          0,           0,         211,      -12.77241504,      -13.20748176,      -13.85045572,      -13.66114689
          0,           0,         212,      -12.79446049,      -13.22980914,      -13.87229363,      -13.68477248
          0,           0,         213,      -12.81656379,      -13.25170127,      -13.89456561,      -13.70639506
          0,           0,         214,      -12.83868693,      -13.27383908,      -13.91661224,      -13.72757613
          0,           0,         215,      -12.86072866,      -13.29604288,      -13.93857997,      -13.75145205
          0,           0,         216,      -12.88288214,      -13.31790727,      -13.96089961,      -13.77163959
          0,           0,         217,      -12.90495168,      -13.34023404,      -13.98276359,      -13.79480407
          0,           0,         218,      -12.92704467,      -13.36219675,      -14.00498478,      -13.81709225
          0,           0,         219,      -12.94919171,      -13.38426335,      -14.02711967,      -13.83776289
          0,           0,         220,      -12.97123807,      -13.40654106,      -14.04903495,       -13.8618054
          0,           0,         221,      -12.99339052,       -13.4283971,      -14.07137957,      -13.88229164
          0,           0,         222,        -13.015486,      -13.45069566,      -14.09329098,      -13.90487386
          0,           0,         223,      -13.03756822,      -13.47274204,      -14.11544551,      -13.92780166
          0,           0,         224,      -13.05973291,      -13.49473904,      -14.13766423,      -13.94811452
          0,           0,         225,      -13.08178904,      -13.51706993,      -14.15954601,      -13.97210604
          0,           0,         226,      -13.10393411,      -13.53894235,      -14.18188864,      -13.99306491
          0,           0,         227,      -13.12605573,      -13.56119019,      -14.20386663,      -14.01500959
          0,           0,         228,      -13.14812891,       -13.5833251,      -14.22594728,        -14.038482
          0,           0,         229,      -13.17030417,      -13.60526317,      -14.24823848,      -14.05863069
          0,           0,         230,      -13.19237517,        -13.627621,      -14.27010834,      -14.08236143
          0,           0,         231,       -13.2145082,        -13.649535,      -14.29242056,      -14.10391605
          0,           0,         232,      -13.23665417,      -13.67171533,      -14.31447861,      -14.12523883
          0,           0,         233,      -13.25872192,       -13.6939348,      -14.33648743,      -14.14910269
          0,           0,         234,      -13.28090045,      -13.71583209,       -14.3588299,       -14.1693005
          0,           0,         235,      -13.30299026,      -13.73818929,      -14.38071469,       -14.1925901
          0,           0,         236,      -13.32510891,      -13.76016574,       -14.4029725,      -14.21479998
          0,           0,         237,      -13.34727527,      -13.78227049,      -14.42511801,      -14.23558509
          0,           0,         238,      -13.36934267,      -13.80456233,      -14.44706598,      -14.25964567
          0,           0,         239,      -13.39151725,      -13.82644226,      -14.46943381,      -14.28010146
          0,           0,         240,      -13.41362898,      -13.84877107,      -14.49135785,      -14.30282017
          0,           0,         241,      -13.43573301,      -13.87082533,       -14.5135455,      -14.32567253
          0,           0,         242,      -13.45791464,      -13.89285561,      -14.53577392,      -14.34606491
          0,           0,         243,      -13.47998738,      -13.91520038,      -14.55768071,      -14.37010689
          0,           0,         244,       -13.5021521,      -13.93708892,      -14.58004545,      -14.39100274
          0,           0,         245,       -13.5242868,      -13.95936658,      -14.60203161,      -14.41308386
          0,           0,         246,      -13.54637813,      -13.98150512,      -14.62414356,      -14.43649626
          0,           0,         247,      -13.56856857,      -14.00347121,      -14.64644243,      -14.45668489
          0,           0,         248,      -13.59065242,      -14.02584391,       -14.6683309,      -14.48049552
          0,           0,         249,      -13.61280298,      -14.04776736,      -14.69066517,      -14.50196577
          0,           0,         250,      -13.63495976,      -14.06997512,      -14.71272683,      -14.52341355
          0,           0,         251,      -13.65704222,      -14.09219855,      -14.73476377,      -14.54724292
          0,           0,         252,      -13.67923429,      -14.11411648,      -14.75711272,      -14.56743901
          0,           0,         253,      -13.70133401,      -14.13648958,      -14.77901018,      -14.59083375
          0,           0,         254,       -13.7234679,      -14.15846965,      -14.80129223,      -14.61294933
          0,           0,         255,      -13.74564347,      -14.18060121,      -14.82343639,      -14.63383688
          0,           0,         256,      -13.76772273,      -14.20289515,      -14.84540901,      -14.65789545
          0,           0,         257,      -13.78991016,      -14.22478999,      -14.86778634,      -14.67831147
          0,           0,         258,      -13.81202942,      -14.24713747,       -14.8897151,      -14.70115019
          0,           0,         259,      -13.83414661,      -14.26919069,      -14.91192813,      -14.72391287
          0,           0,         260,      -13.85633641,      -14.29124557,      -14.93415399,       -14.7443759
          0,           0,         261,      -13.87841816,      -14.31359379,      -14.95608074,      -14.76845086
          0,           0,         262,      -13.90059488,      -14.33549046,      -14.97845751,      -14.78927501
          0,           0,         263,      -13.92273509,      -14.35778868,      -15.00044161,      -14.81148083
          0,           0,         264,      -13.94483733,      -14.37992405,      -15.02257686,      -14.83481883
          0,           0,         265,      -13.96703555,      -14.40190909,      -15.04487504,      -14.85504146
          0,           0,         266,      -13.98912526,      -14.42428967,      -15.06677356,      -14.87891708
          0,           0,         267,      -14.01128679,      -14.44621234,       -15.0891228,      -14.90029456
          0,           0,         268,      -14.03344797,      -14.46844492,      -15.11118223,      -14.92185926
          0,           0,         269,      -14.05553916,      -14.49066106,      -15.13324028,      -14.94563974
          0,           0,         270,      -14.07773883,      -14.51259438,      -15.15559063,      -14.96583091
          0,           0,         271,      -14.09984264,      -14.53497764,      -15.17749209,      -14.98931846
          0,           0,         272,       -14.1219863,      -14.55695387,      -15.19979448,      -15.01133067
          0,           0,         273,      -14.14416551,      -14.57910678,      -15.22193304,      -15.03231704
          0,           0,         274,      -14.16625059,      -14.60139845,      -15.24392055,      -15.05635807
          0,           0,         275,      -14.18844594,      -14.62329955,      -15.26630103,      -15.07673335
          0,           0,         276,      -14.21056783,      -14.64566208,      -15.28822931,       -15.0996824
          0,           0,         277,      -14.23269284,        -14.667707,      -15.31046481,      -15.12234569
          0,           0,         278,      -14.25488611,      -14.68978276,      -15.33268003,      -15.14287753
          0,           0,         279,      -14.27697137,      -14.71212692,      -15.35461671,      -15.16697291
          0,           0,         280,      -14.29915594,      -14.73402658,      -15.37700036,      -15.18772302
          0,           0,         281,       -14.3212972,       -14.7563424,        -15.398982,      -15.21004672
          0,           0,         282,      -14.34340609,      -14.77846797,      -15.42113509,      -15.23330089
          0,           0,         283,      -14.36560837,      -14.80047066,      -15.44343007,      -15.25355596
          0,           0,         284,      -14.38770106,      -14.82284808,      -15.46533636,      -15.27748668
          0,           0,         285,      -14.40987026,      -14.84477412,      -15.48770396,      -15.29876845
          0,           0,         286,      -14.43203141,      -14.86702217,       -15.5097456,       -15.3204487
          0,           0,         287,      -14.45412751,      -14.88923141,      -15.53181889,      -15.34416855
          0,           0,         288,      -14.47633137,      -14.91117157,      -15.55416712,      -15.36435709
          0,           0,         289,       -14.4984366,      -14.93356263,      -15.57606739,      -15.38792644
          0,           0,         290,      -14.52058553,       -14.9555369,      -15.59839115,      -15.40983298
          0,           0,         291,      -14.54276485,      -14.97770183,      -15.62051247,      -15.43091233
          0,           0,         292,      -14.56485577,      -14.99998641,      -15.64251534,      -15.45493075
          0,           0,         293,      -14.58705407,      -15.02189576,      -15.66489602,      -15.47526454
          0,           0,         294,      -14.60917672,      -15.04426419,      -15.68681774,       -15.4983183
          0,           0,         295,      -14.63130709,       -15.0663075,      -15.70906658,      -15.52087596
          0,           0,         296,      -14.65350254,      -15.08838864,      -15.73127352,      -15.54148087
          0,           0,         297,      -14.67558992,      -15.11074481,      -15.75322742,      -15.56558155
          0,           0,         298,      -14.69777812,      -15.13263409,      -15.77563394,      -15.58626351
          0,           0,         299,      -14.71991846,      -15.15495897,      -15.79760399,      -15.60869907
          0,           0,         300,      -14.74203157,      -15.17708181,      -15.81977128,      -15.63186292
          0,           0,         301,      -14.76423444,      -15.19908679,      -15.84204389,      -15.65215399
          0,           0,         302,      -14.78632583,      -15.22147546,      -15.86395053,      -15.67613048
          0,           0,         303,      -14.80849691,       -15.2433899,       -15.8863159,      -15.69731498
          0,           0,         304,      -14.83065972,      -15.26565151,      -15.90835334,      -15.71910435
          0,           0,         305,      -14.85275993,      -15.28784666,      -15.93045384,       -15.7427569
          0,           0,         306,      -14.87496709,      -15.30980321,      -15.95278767,      -15.76294567
          0,           0,         307,      -14.89707071,      -15.33219091,      -15.97471622,      -15.78659564
          0,           0,         308,      -14.91922543,      -15.35416291,      -15.99702533,      -15.80838717
          0,           0,         309,      -14.94140493,      -15.37634252,       -16.0191542,      -15.82957727
          0,           0,         310,      -14.96349789,      -15.39862136,      -16.04118336,      -15.85355475
          0,           0,         311,      -14.98570033,      -15.42052325,      -16.06351968,      -15.87385496
          0,           0,         312,      -15.00782058,      -15.44291297,      -16.08544458,      -15.89700673
          0,           0,         313,      -15.02996046,      -15.46492842,      -16.10772412,      -15.91946185
          0,           0,         314,      -15.05215144,      -15.48704785,      -16.12988955,      -15.94013595
          0,           0,         315,      -15.07424143,      -15.50936487,      -16.15188542,      -15.96423454
          0,           0,         316,      -15.09643466,      -15.53127137,      -16.17428086,      -15.98484303
          0,           0,         317,      -15.11857337,      -15.55362003,      -16.19625147,      -16.00740289
          0,           0,         318,      -15.14069826,      -15.57570998,      -16.21845186,      -16.03046592
          0,           0,         319,      -15.16289633,      -15.59777286,      -16.24072983,      -16.05080234
          0,           0,         320,      -15.18498778,      -15.62011084,      -16.26263342,      -16.07480886
          0,           0,         321,      -15.20715935,        -15.642065,      -16.28501459,      -16.09590999
          0,           0,         322,      -15.22931357,      -15.66429214,      -16.30704168,      -16.11779769
          0,           0,         323,      -15.25141471,      -15.68650029,      -16.32911396,      -16.14138437
          0,           0,         324,      -15.27361915,      -15.70847286,      -16.35144342,      -16.16155362
          0,           0,         325,      -15.29572939,      -15.73083479,      -16.37335734,      -16.18529029
          0,           0,         326,      -15.31789284,      -15.75282359,      -16.39571572,      -16.20696828
          0,           0,         327,      -15.34006482,      -15.77501495,       -16.4178173,      -16.22825524
          0,           0,         328,      -15.36216483,      -15.79725172,      -16.43982985,      -16.25221402
          0,           0,         329,      -15.38436283,      -15.81921727,      -16.46215601,      -16.27245679
          0,           0,         330,      -15.40647667,       -15.8415426,      -16.48409539,      -16.29570859
          0,           0,         331,      -15.42861174,      -15.86362479,      -16.50637249,      -16.31803759
          0,           0,         332,      -15.45079946,      -15.88566546,      -16.52856183,      -16.33877059
          0,           0,         333,      -15.47290151,      -15.90799375,      -16.55058542,       -16.3629102
          0,           0,         334,      -15.49508242,      -15.92997917,      -16.57297405,      -16.38341796
          0,           0,         335,      -15.51722061,      -15.95223319,      -16.59489863,      -16.40606796
          0,           0,         336,      -15.53935191,      -15.97440782,      -16.61707112,      -16.42903997
          0,           0,         337,       -15.5615468,      -15.99640297,      -16.63927896,      -16.44941915
          0,           0,         338,      -15.58365429,      -16.01879505,      -16.66122045,      -16.47346435
          0,           0,         339,      -15.60583266,       -16.0407079,      -16.68368439,      -16.49447652
          0,           0,         340,      -15.62799462,      -16.06299978,      -16.70563765,      -16.51646741
          0,           0,         341,      -15.65009766,      -16.08517893,      -16.72788491,      -16.53997348
          0,           0,         342,      -15.67229039,      -16.10712806,      -16.75010987,      -16.56018629
          0,           0,         343,      -15.69439549,      -16.12948973,      -16.77193745,      -16.58392064
          0,           0,         344,      -15.71656276,      -16.15147862,       -16.7944194,      -16.60552741
          0,           0,         345,      -15.73873809,      -16.17374134,      -16.81635705,      -16.62688296
          0,           0,         346,      -15.76082103,        -16.195905,      -16.83858145,      -16.65077604
          0,           0,         347,      -15.78303629,      -16.21788669,      -16.86079789,      -16.67100181
          0,           0,         348,      -15.80515528,      -16.24024014,      -16.88266991,      -16.69429943
          0,           0,         349,      -15.82728281,      -16.26226514,      -16.90517617,      -16.71655107
          0,           0,         350,      -15.84947201,      -16.28420427,      -16.92718416,      -16.73743678
          0,           0,         351,      -15.87154664,      -16.30659009,      -16.94923963,       -16.7614204
          0,           0,         352,      -15.89373669,      -16.32863479,      -16.97142661,      -16.78185492
          0,           0,         353,      -15.91584601,      -16.35086595,      -16.99328319,      -16.80460443
          0,           0,         354,      -15.93795168,      -16.37293897,      -17.01578772,       -16.8274342
          0,           0,         355,      -15.96017312,      -16.39491695,      -17.03794835,      -16.84782169
          0,           0,         356,      -15.98223192,       -16.4174382,      -17.05989177,      -16.87190103
          0,           0,         357,       -16.0044224,      -16.43920234,      -17.08226432,      -16.89284996
